Date,Close,Open,High,Low
"Nov 26, 2021","36,157.80","37,055.25","37,093.75","36,025.05"
"Nov 25, 2021","37,364.75","37,324.00","37,538.70","37,115.00"
"Nov 24, 2021","37,465.00","37,401.00","37,895.50","37,239.45"
"Nov 23, 2021","37,284.30","36,921.65","37,474.95","36,682.00"
"Nov 22, 2021","37,182.10","38,199.90","38,214.10","36,680.05"
"Nov 18, 2021","38,105.70","38,102.35","38,314.90","37,821.30"
"Nov 17, 2021","38,139.40","38,150.00","38,562.85","38,055.00"
"Nov 16, 2021","38,404.15","38,800.00","38,849.80","38,292.45"
"Nov 15, 2021","38,858.00","38,950.00","39,179.70","38,712.05"
"Nov 12, 2021","38,871.35","38,171.05","38,948.95","38,171.05"
"Nov 11, 2021","38,686.10","39,044.00","39,044.00","38,442.95"
"Nov 10, 2021","39,120.60","39,337.00","39,350.00","38,985.95"
"Nov 09, 2021","39,544.60","39,675.00","39,708.00","39,351.75"
"Nov 08, 2021","39,652.50","39,615.05","39,750.95","39,051.00"
"Nov 04, 2021","39,632.65","39,600.55","39,780.00","39,574.00"
"Nov 03, 2021","39,496.60","40,106.00","40,295.00","39,412.45"
"Nov 02, 2021","40,081.55","40,075.00","40,250.00","39,725.00"
"Nov 01, 2021","40,028.10","39,555.00","40,116.00","39,254.15"
"Oct 29, 2021","39,314.45","39,644.95","39,890.85","38,606.90"
"Oct 28, 2021","39,508.95","40,877.00","40,949.00","39,476.00"
"Oct 27, 2021","40,959.95","41,305.00","41,364.40","40,840.40"
"Oct 26, 2021","41,360.45","41,214.90","41,424.00","40,876.05"
"Oct 25, 2021","41,271.90","40,806.00","41,820.80","40,455.05"
"Oct 22, 2021","40,396.40","40,251.15","40,582.45","40,195.85"
"Oct 21, 2021","40,105.05","39,733.00","40,326.85","39,482.35"
"Oct 20, 2021","39,654.90","39,512.50","39,850.00","39,394.85"
"Oct 19, 2021","39,633.35","39,959.95","40,040.45","39,409.00"
"Oct 18, 2021","39,782.45","39,785.00","40,001.95","39,612.20"
"Oct 14, 2021","39,402.35","38,726.25","39,425.00","38,702.00"
"Oct 13, 2021","38,718.35","38,750.05","38,836.80","38,554.95"
"Oct 12, 2021","38,588.35","38,259.00","38,668.00","38,180.00"
"Oct 11, 2021","38,373.45","38,000.00","38,569.65","37,859.15"
"Oct 08, 2021","37,917.05","38,029.95","38,200.00","37,788.45"
"Oct 07, 2021","37,886.30","37,912.00","38,049.90","37,768.10"
"Oct 06, 2021","37,624.35","37,887.85","38,190.00","37,560.00"
"Oct 05, 2021","37,864.20","37,600.00","37,912.00","37,472.15"
"Oct 04, 2021","37,735.25","37,445.00","37,785.00","37,445.00"
"Oct 01, 2021","37,356.40","37,321.00","37,424.95","36,950.15"
"Sep 30, 2021","37,425.10","37,810.05","37,913.15","37,384.40"
"Sep 29, 2021","37,878.50","37,675.65","38,048.85","37,392.65"
"Sep 28, 2021","38,044.15","38,350.10","38,377.00","37,351.00"
"Sep 27, 2021","38,224.80","37,994.00","38,395.60","37,974.40"
"Sep 24, 2021","37,854.30","38,051.50","38,174.90","37,720.00"
"Sep 23, 2021","37,861.05","37,350.00","37,910.20","37,273.00"
"Sep 22, 2021","37,100.30","37,349.00","37,440.00","36,990.00"
"Sep 21, 2021","37,370.50","37,300.00","37,435.00","36,609.35"
"Sep 20, 2021","37,224.25","37,525.00","37,885.00","37,145.40"
"Sep 17, 2021","37,850.05","37,990.00","38,224.70","37,466.00"
"Sep 16, 2021","37,780.20","37,020.00","37,855.65","36,984.10"
"Sep 15, 2021","36,968.25","36,761.10","37,064.75","36,590.35"
"Sep 14, 2021","36,714.45","36,701.00","36,839.00","36,616.20"
"Sep 13, 2021","36,576.55","36,730.60","36,744.90","36,412.00"
"Sep 09, 2021","36,772.55","36,725.25","36,963.40","36,651.00"
"Sep 08, 2021","36,881.70","36,619.00","36,946.00","36,502.00"
"Sep 07, 2021","36,585.95","36,700.05","36,838.50","36,251.20"
"Sep 06, 2021","36,757.15","36,995.00","37,037.00","36,690.05"
"Sep 03, 2021","36,899.75","37,038.95","37,249.00","36,670.05"
"Sep 02, 2021","36,969.25","36,511.00","37,033.85","36,511.00"
"Sep 01, 2021","36,699.00","36,625.05","37,085.00","36,558.00"
"Aug 31, 2021","36,513.50","36,498.00","36,690.00","36,321.85"
"Aug 30, 2021","36,478.85","35,825.20","36,532.35","35,820.00"
"Aug 27, 2021","35,725.50","35,677.65","35,817.25","35,470.80"
"Aug 26, 2021","35,617.55","35,520.00","35,787.95","35,425.00"
"Aug 25, 2021","35,617.65","35,761.05","35,909.95","35,520.00"
"Aug 24, 2021","35,719.35","35,152.10","35,817.55","35,085.00"
"Aug 23, 2021","35,159.20","35,401.00","35,401.00","34,850.00"
"Aug 20, 2021","35,062.95","35,012.20","35,329.00","34,902.00"
"Aug 18, 2021","35,601.30","36,275.00","36,280.00","35,477.00"
"Aug 17, 2021","35,937.85","35,988.70","36,060.00","35,690.75"
"Aug 16, 2021","36,140.25","36,151.10","36,296.35","36,070.95"
"Aug 13, 2021","36,211.75","36,100.00","36,269.15","35,960.00"
"Aug 12, 2021","36,063.80","35,825.40","36,128.00","35,793.10"
"Aug 11, 2021","35,917.20","36,250.25","36,274.95","35,670.00"
"Aug 10, 2021","36,135.10","36,039.95","36,395.15","36,012.00"
"Aug 09, 2021","36,128.60","35,900.00","36,278.00","35,804.05"
"Aug 06, 2021","35,941.05","35,953.60","36,182.50","35,787.05"
"Aug 05, 2021","35,954.10","36,116.45","36,174.65","35,751.00"
"Aug 04, 2021","36,094.35","35,425.10","36,275.00","35,413.00"
"Aug 03, 2021","35,296.70","34,825.05","35,347.00","34,782.05"
"Aug 02, 2021","34,825.85","34,820.50","34,987.15","34,678.25"
"Jul 30, 2021","34,673.15","34,800.00","34,850.00","34,545.05"
"Jul 29, 2021","34,691.50","34,675.25","34,777.05","34,482.90"
"Jul 28, 2021","34,559.30","34,768.50","34,829.00","34,118.20"
"Jul 27, 2021","34,817.85","35,039.95","35,188.00","34,710.30"
"Jul 26, 2021","34,962.80","34,889.00","35,155.00","34,731.85"
"Jul 23, 2021","35,040.90","34,800.00","35,129.90","34,405.50"
"Jul 22, 2021","34,724.85","34,802.00","35,049.00","34,599.95"
"Jul 20, 2021","34,487.10","34,955.65","35,000.75","34,440.00"
"Jul 19, 2021","35,170.75","35,222.20","35,449.95","34,965.50"
"Jul 16, 2021","35,856.50","36,049.90","36,075.90","35,737.00"
"Jul 15, 2021","35,988.25","35,760.05","36,067.95","35,718.65"
"Jul 14, 2021","35,755.60","35,650.00","35,885.00","35,555.15"
"Jul 13, 2021","35,761.65","35,530.00","35,815.00","35,461.15"
"Jul 12, 2021","35,311.55","35,386.00","35,569.35","35,152.05"
"Jul 09, 2021","35,270.35","35,326.30","35,372.00","34,980.00"
"Jul 08, 2021","35,411.00","35,712.00","35,944.25","35,261.60"
"Jul 07, 2021","35,865.60","35,599.70","35,899.00","35,470.10"
"Jul 06, 2021","35,677.40","35,273.95","35,925.00","35,273.95"
"Jul 05, 2021","35,336.90","35,080.00","35,366.00","35,055.60"
"Jul 02, 2021","34,951.65","34,934.00","35,099.00","34,760.00"
"Jul 01, 2021","34,853.05","34,975.75","35,086.35","34,810.85"
"Jun 30, 2021","34,937.55","35,227.85","35,392.30","34,892.50"
"Jun 29, 2021","35,186.10","35,250.50","35,467.10","35,090.05"
"Jun 28, 2021","35,516.15","35,698.95","35,990.00","35,350.00"
"Jun 25, 2021","35,488.65","35,050.15","35,665.50","35,001.10"
"Jun 24, 2021","34,827.00","34,699.25","34,970.00","34,579.30"
"Jun 23, 2021","34,611.90","34,949.70","34,972.00","34,555.10"
"Jun 22, 2021","34,775.80","35,110.00","35,286.75","34,719.10"
"Jun 21, 2021","34,911.10","34,388.00","34,949.00","33,955.10"
"Jun 18, 2021","34,596.75","34,800.00","34,837.85","33,937.00"
"Jun 17, 2021","34,682.20","34,699.95","34,970.05","34,486.40"
"Jun 16, 2021","35,101.35","35,233.00","35,463.90","35,005.00"
"Jun 15, 2021","35,330.40","35,035.00","35,425.95","34,960.60"
"Jun 14, 2021","35,065.10","35,024.00","35,130.00","34,455.00"
"Jun 11, 2021","35,169.35","35,420.00","35,474.95","34,977.70"
"Jun 10, 2021","35,266.35","34,980.00","35,320.00","34,830.00"
"Jun 09, 2021","34,929.35","35,281.00","35,547.60","34,757.65"
"Jun 08, 2021","35,265.30","35,536.80","35,569.80","35,123.00"
"Jun 07, 2021","35,622.20","35,540.05","35,740.00","35,494.00"
"Jun 04, 2021","35,508.50","35,770.00","35,960.80","35,350.00"
"Jun 03, 2021","35,781.95","35,662.20","35,890.00","35,553.00"
"Jun 02, 2021","35,524.25","35,380.00","35,560.00","35,180.00"
"Jun 01, 2021","35,454.10","35,677.95","35,797.45","35,313.95"
"May 31, 2021","35,602.90","35,280.00","35,650.00","35,063.15"
"May 28, 2021","35,321.80","35,499.00","35,670.00","35,150.00"
"May 27, 2021","35,095.05","34,605.60","35,110.30","34,522.05"
"May 26, 2021","34,723.95","34,810.00","34,989.90","34,502.15"
"May 25, 2021","34,758.05","35,149.00","35,193.95","34,434.00"
"May 24, 2021","34,998.10","34,900.00","35,348.00","34,556.00"
"May 21, 2021","34,763.15","33,600.15","34,855.00","33,589.90"
"May 20, 2021","33,445.70","33,779.00","33,913.75","33,387.00"
"May 19, 2021","33,800.75","33,810.00","34,030.00","33,655.00"
"May 18, 2021","34,045.20","33,944.75","34,244.00","33,801.05"
"May 17, 2021","33,548.85","32,452.00","33,605.15","32,366.05"
"May 14, 2021","32,265.20","32,500.05","32,698.65","32,184.00"
"May 12, 2021","32,520.30","32,775.00","32,817.00","32,423.05"
"May 11, 2021","32,952.50","32,755.00","33,288.95","32,700.00"
"May 10, 2021","33,302.65","33,250.00","33,500.00","33,165.00"
"May 07, 2021","33,038.40","33,203.35","33,367.65","32,861.70"
"May 06, 2021","32,953.75","33,107.85","33,144.40","32,655.00"
"May 05, 2021","32,973.65","32,730.00","33,060.70","32,134.70"
"May 04, 2021","32,422.55","32,755.05","33,206.00","32,316.50"
"May 03, 2021","32,655.85","32,350.00","32,757.65","31,625.00"
"Apr 30, 2021","32,893.55","33,197.65","33,599.65","32,812.10"
"Apr 29, 2021","33,714.50","33,902.25","34,298.85","33,271.80"
"Apr 28, 2021","33,696.20","32,874.00","33,764.90","32,833.90"
"Apr 27, 2021","32,741.95","32,238.00","32,784.70","32,150.05"
"Apr 26, 2021","32,302.55","32,221.20","32,624.95","32,150.55"
"Apr 23, 2021","31,709.60","31,505.00","32,169.90","31,376.40"
"Apr 22, 2021","31,762.85","30,798.55","31,823.75","30,588.95"
"Apr 20, 2021","31,120.55","31,589.00","31,784.30","30,917.00"
"Apr 19, 2021","31,239.70","31,105.25","31,337.50","30,451.60"
"Apr 16, 2021","32,075.65","32,260.00","32,439.20","31,986.45"
"Apr 15, 2021","32,206.95","31,950.20","32,294.60","31,450.00"
"Apr 13, 2021","31,865.60","31,002.05","32,019.90","30,779.15"
"Apr 12, 2021","30,869.25","31,821.00","31,900.00","30,610.00"
"Apr 09, 2021","32,617.55","32,312.00","33,174.00","32,251.25"
"Apr 08, 2021","32,945.70","33,331.00","33,489.95","32,851.50"
"Apr 07, 2021","33,151.40","32,560.35","33,370.00","32,298.30"
"Apr 06, 2021","32,691.55","33,021.00","33,175.00","32,461.65"
"Apr 05, 2021","32,817.15","33,925.00","33,999.00","32,412.00"
"Apr 01, 2021","34,155.20","33,693.00","34,250.00","33,390.05"
"Mar 31, 2021","33,478.45","33,939.65","33,945.85","33,266.30"
"Mar 30, 2021","34,046.80","33,915.20","34,180.00","33,693.60"
"Mar 26, 2021","33,584.70","33,750.00","33,834.40","33,336.75"
"Mar 25, 2021","33,006.45","33,408.45","33,590.00","32,391.65"
"Mar 24, 2021","33,358.30","33,888.85","34,016.70","33,254.90"
"Mar 23, 2021","34,244.05","33,760.00","34,424.90","33,635.00"
"Mar 22, 2021","33,685.20","34,035.30","34,189.90","33,413.00"
"Mar 19, 2021","34,205.60","33,600.30","34,450.00","33,380.05"
"Mar 18, 2021","33,888.25","34,579.80","34,820.00","33,668.55"
"Mar 17, 2021","34,360.65","34,900.00","35,184.15","34,230.25"
"Mar 16, 2021","34,923.40","35,425.00","35,494.00","34,790.00"
"Mar 15, 2021","35,304.70","35,485.50","35,544.00","34,455.00"
"Mar 12, 2021","35,522.10","36,505.25","36,554.00","35,206.55"
"Mar 10, 2021","36,007.75","36,244.00","36,244.00","35,816.00"
"Mar 09, 2021","35,932.95","35,668.00","36,154.00","35,604.00"
"Mar 08, 2021","35,316.05","35,501.05","35,888.50","35,100.00"
"Mar 05, 2021","35,287.95","35,500.00","35,660.00","34,887.90"
"Mar 04, 2021","35,879.75","35,726.25","36,421.25","35,530.00"
"Mar 03, 2021","36,491.75","35,750.00","36,580.95","35,666.80"
"Mar 02, 2021","35,454.85","35,460.05","35,754.80","34,983.05"
"Mar 01, 2021","35,324.55","35,350.00","35,615.00","34,983.05"
"Feb 26, 2021","34,870.35","36,000.00","36,080.00","34,660.00"
"Feb 25, 2021","36,549.00","36,502.00","37,243.40","36,482.35"
"Feb 24, 2021","36,468.70","35,090.00","35,821.40","35,035.00"
"Feb 23, 2021","35,119.85","35,580.00","35,714.95","34,988.75"
"Feb 22, 2021","35,254.55","35,622.35","36,116.00","35,075.00"
"Feb 19, 2021","35,849.80","36,402.00","36,680.00","35,570.25"
"Feb 18, 2021","36,603.30","37,075.00","37,125.15","36,352.00"
"Feb 17, 2021","36,976.00","37,050.05","37,400.55","36,820.00"
"Feb 16, 2021","37,218.15","37,550.00","37,770.00","36,832.60"
"Feb 15, 2021","37,402.65","36,455.00","37,543.95","36,423.45"
"Feb 12, 2021","36,133.80","35,770.00","36,347.75","35,720.15"
"Feb 11, 2021","35,808.75","35,750.00","36,067.00","35,630.00"
"Feb 10, 2021","35,875.40","35,960.00","36,253.00","35,462.75"
"Feb 09, 2021","36,045.95","36,580.00","36,580.00","35,639.00"
"Feb 08, 2021","36,013.80","36,140.00","36,503.50","35,860.00"
"Feb 05, 2021","35,665.95","35,575.90","36,640.00","35,527.00"
"Feb 04, 2021","35,352.05","34,551.05","35,488.00","34,343.55"
"Feb 03, 2021","34,841.75","34,675.00","34,998.90","34,097.50"
"Feb 02, 2021","34,392.70","33,610.00","34,740.50","33,601.00"
"Feb 01, 2021","33,276.30","30,994.85","33,484.95","30,942.50"
"Jan 29, 2021","30,679.15","30,639.50","31,238.00","30,291.20"
"Jan 28, 2021","30,358.30","29,886.10","30,410.75","29,661.00"
"Jan 27, 2021","30,328.35","31,165.35","31,249.90","30,177.10"
"Jan 25, 2021","31,181.15","31,469.95","31,700.00","30,989.90"
"Jan 22, 2021","31,197.75","32,200.20","32,226.95","31,123.05"
"Jan 21, 2021","32,228.80","32,749.00","32,899.00","32,001.50"
"Jan 20, 2021","32,584.70","32,426.25","32,664.85","32,354.30"
"Jan 19, 2021","32,520.90","32,085.50","32,569.75","31,919.00"
"Jan 18, 2021","31,815.70","32,315.65","32,467.85","31,691.70"
"Jan 15, 2021","32,314.05","32,600.00","32,610.00","32,105.00"
"Jan 14, 2021","32,647.80","32,600.00","32,861.40","32,562.10"
"Jan 13, 2021","32,685.15","32,603.00","32,758.15","32,251.85"
"Jan 12, 2021","32,455.05","31,849.95","32,508.90","31,810.00"
"Jan 11, 2021","32,096.25","32,480.00","32,480.00","31,888.00"
"Jan 08, 2021","32,172.70","32,305.10","32,337.95","32,080.20"
"Jan 07, 2021","32,078.75","32,106.05","32,294.95","32,034.05"
"Jan 06, 2021","31,903.10","31,875.00","32,089.70","31,662.50"
"Jan 05, 2021","31,798.75","31,130.00","31,844.00","31,011.10"
"Jan 04, 2021","31,326.55","31,450.25","31,599.00","30,930.80"
"Jan 01, 2021","31,309.35","31,250.00","31,425.00","31,250.00"
"Dec 31, 2020","31,264.05","31,283.95","31,427.90","31,079.05"
"Dec 30, 2020","31,338.25","31,489.00","31,549.45","31,030.00"
"Dec 29, 2020","31,360.10","31,060.05","31,417.00","31,022.00"
"Dec 28, 2020","30,928.30","30,552.05","30,975.40","30,552.05"
"Dec 24, 2020","30,437.20","30,041.05","30,576.90","30,021.60"
"Dec 23, 2020","29,908.50","29,580.25","29,950.00","29,472.30"
"Dec 22, 2020","29,646.60","29,515.00","29,760.00","29,000.10"
"Dec 21, 2020","29,417.95","30,375.00","30,597.75","29,222.00"
"Dec 18, 2020","30,735.75","30,797.95","30,865.45","30,380.10"
"Dec 17, 2020","30,844.40","30,841.85","30,998.00","30,652.25"
"Dec 16, 2020","30,770.50","30,823.60","30,925.00","30,526.60"
"Dec 15, 2020","30,706.60","30,700.00","30,780.60","30,343.95"
"Dec 14, 2020","30,788.40","30,702.35","30,890.00","30,656.10"
"Dec 11, 2020","30,609.25","30,674.95","30,865.00","30,337.00"
"Dec 10, 2020","30,621.75","30,580.00","30,690.00","30,255.00"
"Dec 09, 2020","30,763.65","30,400.00","30,877.00","30,355.00"
"Dec 08, 2020","30,314.00","30,339.95","30,449.90","30,104.25"
"Dec 07, 2020","30,290.55","30,165.20","30,443.95","30,021.00"
"Dec 04, 2020","30,190.95","29,350.00","30,276.95","29,350.00"
"Dec 03, 2020","29,542.20","29,543.05","29,890.00","29,436.65"
"Dec 02, 2020","29,603.00","29,865.55","29,912.00","29,202.00"
"Dec 01, 2020","29,892.20","29,785.15","29,990.00","29,525.95"
"Nov 27, 2020","29,667.20","29,649.95","29,780.00","29,381.85"
"Nov 26, 2020","29,549.75","29,300.05","29,626.80","28,901.10"
"Nov 25, 2020","29,208.70","29,953.00","30,190.00","29,148.20"
"Nov 24, 2020","29,729.90","29,200.00","29,783.00","29,151.15"
"Nov 23, 2020","29,010.40","29,430.00","29,641.00","28,802.20"
"Nov 20, 2020","29,244.90","28,949.20","29,412.00","28,562.15"
"Nov 19, 2020","28,912.05","29,375.50","29,608.00","28,820.00"
"Nov 18, 2020","29,756.40","29,049.95","29,790.00","29,037.00"
"Nov 17, 2020","29,151.90","28,750.00","29,213.00","28,707.00"
"Nov 14, 2020","28,520.00","28,660.15","28,720.00","28,461.25"
"Nov 13, 2020","28,511.90","28,127.75","28,567.95","27,712.40"
"Nov 12, 2020","28,316.30","28,655.35","28,680.25","28,085.60"
"Nov 11, 2020","28,815.70","28,698.25","28,999.00","28,165.00"
"Nov 10, 2020","28,640.05","28,000.00","28,796.65","27,832.30"
"Nov 09, 2020","27,523.15","27,050.00","27,594.35","27,021.60"
"Nov 06, 2020","26,749.20","26,249.85","26,845.00","26,115.25"
"Nov 05, 2020","26,296.60","26,177.15","26,363.15","26,001.00"
"Nov 04, 2020","25,795.00","25,588.00","25,913.70","25,091.75"
"Nov 03, 2020","25,669.55","25,110.00","25,735.00","25,070.45"
"Nov 02, 2020","24,931.20","24,245.20","25,163.45","24,100.50"
"Oct 30, 2020","23,924.55","24,049.95","24,277.00","23,565.00"
"Oct 29, 2020","24,092.00","23,999.70","24,341.30","23,791.00"
"Oct 28, 2020","24,214.25","23,698.00","24,795.00","23,698.00"
"Oct 27, 2020","24,741.40","24,311.00","24,797.00","23,894.85"
"Oct 26, 2020","24,109.15","24,519.95","24,550.00","23,850.10"
"Oct 23, 2020","24,537.00","24,660.00","24,789.00","24,379.25"
"Oct 22, 2020","24,557.95","24,500.00","24,740.00","24,307.85"
"Oct 21, 2020","24,664.95","24,484.00","24,880.65","24,102.40"
"Oct 20, 2020","24,351.75","24,165.00","24,460.55","24,086.35"
"Oct 19, 2020","24,346.70","23,894.95","24,409.80","23,786.05"
"Oct 16, 2020","23,584.25","23,201.20","23,717.00","23,183.00"
"Oct 15, 2020","23,110.30","23,970.00","24,140.00","22,995.50"
"Oct 14, 2020","23,951.05","23,369.10","24,023.05","23,212.00"
"Oct 13, 2020","23,562.20","23,699.00","23,840.00","23,450.00"
"Oct 12, 2020","23,766.95","23,935.40","24,217.00","23,588.40"
"Oct 09, 2020","23,903.15","23,250.95","23,965.00","23,151.00"
"Oct 08, 2020","23,184.70","23,179.95","23,480.00","23,060.00"
"Oct 07, 2020","23,018.85","22,850.00","23,109.00","22,656.90"
"Oct 06, 2020","22,913.80","22,723.00","22,940.10","22,542.80"
"Oct 05, 2020","22,425.15","22,319.50","22,840.00","22,267.55"
"Oct 01, 2020","22,316.00","21,676.00","22,367.25","21,665.00"
"Sep 30, 2020","21,464.25","21,423.25","21,580.60","21,141.20"
"Sep 29, 2020","21,450.20","21,763.00","21,839.80","21,312.65"
"Sep 28, 2020","21,724.50","21,100.10","21,765.90","21,050.00"
"Sep 25, 2020","20,979.15","20,710.00","21,089.00","20,431.00"
"Sep 24, 2020","20,456.85","20,931.15","20,979.80","20,442.50"
"Sep 23, 2020","21,240.35","21,350.90","21,383.65","20,830.00"
"Sep 22, 2020","21,183.65","21,389.00","21,516.65","20,967.50"
"Sep 21, 2020","21,390.90","22,025.00","22,125.00","21,290.00"
"Sep 18, 2020","22,078.40","22,391.35","22,520.00","21,808.10"
"Sep 17, 2020","22,391.95","22,340.00","22,560.05","22,300.05"
"Sep 16, 2020","22,671.30","22,538.00","22,748.00","22,280.00"
"Sep 15, 2020","22,558.45","22,195.00","22,597.00","22,084.05"
"Sep 14, 2020","22,190.15","22,664.35","22,820.50","22,105.00"
"Sep 11, 2020","22,538.95","22,450.55","22,676.00","22,226.00"
"Sep 10, 2020","22,506.60","22,485.00","22,725.00","22,253.45"
"Sep 09, 2020","22,337.25","22,500.00","22,575.00","22,128.95"
"Sep 08, 2020","22,748.85","22,900.00","23,092.95","22,655.00"
"Sep 07, 2020","22,963.45","23,016.35","23,125.90","22,721.00"
"Sep 04, 2020","23,026.65","23,300.00","23,440.00","22,853.90"
"Sep 03, 2020","23,547.20","23,938.80","24,079.80","23,452.95"
"Sep 02, 2020","23,920.95","23,855.00","23,974.00","23,500.90"
"Sep 01, 2020","23,915.55","23,850.00","24,200.00","23,508.00"
"Aug 31, 2020","23,743.00","24,900.05","25,270.00","23,371.00"
"Aug 28, 2020","24,539.35","23,679.90","24,658.70","23,601.50"
"Aug 27, 2020","23,600.35","23,490.00","23,716.15","23,473.50"
"Aug 26, 2020","23,407.15","23,150.00","23,451.80","23,070.00"
"Aug 25, 2020","23,078.15","22,965.00","23,168.65","22,825.00"
"Aug 24, 2020","22,826.40","22,327.25","22,944.85","22,327.20"
"Aug 21, 2020","22,282.80","22,155.55","22,378.00","22,118.05"
"Aug 20, 2020","21,964.25","22,022.00","22,090.00","21,765.30"
"Aug 19, 2020","22,307.30","22,293.00","22,466.15","22,212.70"
"Aug 18, 2020","22,198.20","21,745.00","22,272.95","21,627.20"
"Aug 17, 2020","21,734.00","21,900.00","21,925.00","21,394.00"
"Aug 14, 2020","21,668.80","22,300.10","22,318.00","21,436.00"
"Aug 13, 2020","22,189.50","22,401.00","22,443.95","22,122.50"
"Aug 12, 2020","22,316.30","22,122.35","22,385.00","22,000.60"
"Aug 11, 2020","22,296.35","21,900.00","22,345.00","21,900.00"
"Aug 10, 2020","21,956.35","21,851.00","22,099.00","21,802.00"
"Aug 07, 2020","21,771.35","21,600.00","21,835.00","21,435.50"
"Aug 06, 2020","21,641.95","21,685.00","21,969.00","21,370.00"
"Aug 05, 2020","21,559.00","21,699.00","21,999.90","21,464.05"
"Aug 04, 2020","21,551.85","21,299.95","21,633.00","21,106.05"
"Aug 03, 2020","21,165.90","21,480.00","21,549.70","21,085.35"
"Jul 31, 2020","21,691.50","21,647.85","21,827.60","21,400.65"
"Jul 30, 2020","21,646.85","22,090.00","22,259.80","21,562.20"
"Jul 29, 2020","22,129.60","22,086.95","22,440.00","21,964.15"
"Jul 28, 2020","22,176.50","21,921.50","22,306.95","21,630.05"
"Jul 27, 2020","21,859.35","22,620.20","22,647.55","21,818.80"
"Jul 24, 2020","22,611.30","22,850.00","22,901.05","22,321.00"
"Jul 23, 2020","23,095.25","22,765.35","23,140.00","22,703.50"
"Jul 22, 2020","22,803.80","23,124.95","23,148.55","22,573.70"
"Jul 21, 2020","22,815.75","22,620.00","22,899.70","22,512.00"
"Jul 20, 2020","22,287.30","22,230.95","22,474.00","22,122.35"
"Jul 17, 2020","21,971.10","21,459.45","22,081.00","21,459.45"
"Jul 16, 2020","21,571.30","21,400.00","21,647.50","21,025.05"
"Jul 15, 2020","21,320.95","21,645.20","21,940.00","21,212.10"
"Jul 14, 2020","21,396.50","21,942.50","21,944.00","21,212.90"
"Jul 13, 2020","22,174.55","22,625.00","22,664.40","22,028.00"
"Jul 10, 2020","22,435.85","22,755.65","22,820.00","22,325.40"
"Jul 09, 2020","22,908.10","22,719.25","22,980.00","22,650.00"
"Jul 08, 2020","22,610.75","22,618.00","23,118.25","22,532.85"
"Jul 07, 2020","22,603.30","22,209.95","22,656.00","22,000.90"
"Jul 06, 2020","22,226.30","22,201.00","22,444.00","22,141.05"
"Jul 03, 2020","21,843.90","22,149.00","22,162.05","21,750.00"
"Jul 02, 2020","21,977.30","22,080.80","22,289.65","21,827.05"
"Jul 01, 2020","21,930.45","21,190.00","22,014.00","21,155.00"
"Jun 30, 2020","21,213.85","21,443.00","21,553.20","21,036.00"
"Jun 29, 2020","21,235.20","21,251.00","21,325.90","20,886.35"
"Jun 26, 2020","21,462.15","21,599.95","21,717.00","21,167.05"
"Jun 25, 2020","21,506.15","21,174.90","21,717.70","20,906.40"
"Jun 24, 2020","21,400.60","22,494.85","22,494.85","21,300.30"
"Jun 23, 2020","22,291.75","21,779.25","22,360.00","21,622.15"
"Jun 22, 2020","21,697.00","21,450.00","22,126.85","21,351.25"
"Jun 19, 2020","21,308.85","20,890.00","21,464.20","20,826.00"
"Jun 18, 2020","20,912.65","20,080.00","20,975.00","19,977.20"
"Jun 17, 2020","20,147.55","20,048.60","20,620.50","19,916.95"
"Jun 16, 2020","20,254.35","20,503.00","20,635.00","19,435.80"
"Jun 15, 2020","19,911.50","20,405.70","20,430.20","19,655.00"
"Jun 12, 2020","20,624.50","19,555.00","20,728.00","19,555.00"
"Jun 11, 2020","20,508.85","20,917.65","21,239.65","20,443.00"
"Jun 10, 2020","21,119.40","20,685.00","21,300.00","20,640.00"
"Jun 09, 2020","20,677.85","21,201.05","21,590.00","20,576.00"
"Jun 08, 2020","21,161.60","21,685.35","21,775.00","20,870.40"
"Jun 05, 2020","21,016.40","20,431.00","21,192.45","20,388.00"
"Jun 04, 2020","20,379.95","20,862.65","21,080.00","20,233.30"
"Jun 03, 2020","20,882.40","20,935.00","21,611.55","20,739.20"
"Jun 02, 2020","20,466.35","19,880.00","20,584.00","19,750.00"
"Jun 01, 2020","19,894.10","19,490.35","20,179.80","19,450.00"
"May 29, 2020","19,099.20","18,918.00","19,183.20","18,655.80"
"May 28, 2020","19,169.80","18,816.55","19,436.00","18,748.55"
"May 27, 2020","18,663.05","17,556.75","18,863.30","17,484.60"
"May 26, 2020","17,445.15","17,525.00","17,690.00","17,261.60"
"May 22, 2020","17,216.10","17,499.50","17,899.95","17,005.95"
"May 21, 2020","17,644.85","17,923.30","18,175.00","17,565.60"
"May 20, 2020","17,836.65","17,390.00","18,026.95","17,351.70"
"May 19, 2020","17,438.75","17,735.00","18,165.00","17,318.00"
"May 18, 2020","17,531.60","18,705.10","18,711.10","17,458.30"
"May 15, 2020","18,807.70","19,079.60","19,079.65","18,651.00"
"May 14, 2020","19,038.75","19,225.65","19,340.50","18,957.25"
"May 13, 2020","19,617.00","19,950.00","20,199.00","19,423.00"
"May 12, 2020","18,839.10","18,696.00","18,991.00","18,209.00"
"May 11, 2020","18,914.40","19,489.85","19,700.00","18,855.00"
"May 08, 2020","19,284.65","19,825.00","19,950.00","19,210.00"
"May 07, 2020","19,505.30","19,470.00","19,743.35","19,300.00"
"May 06, 2020","19,671.95","19,219.20","19,819.00","18,900.00"
"May 05, 2020","19,246.35","19,906.05","20,098.00","19,164.35"
"May 04, 2020","19,632.75","20,600.00","20,600.00","19,505.00"
"Apr 30, 2020","21,534.50","21,550.20","21,984.85","21,342.90"
"Apr 29, 2020","21,128.10","20,540.05","21,359.85","20,401.05"
"Apr 28, 2020","20,676.10","20,399.45","20,749.00","20,242.00"
"Apr 27, 2020","20,107.10","19,690.00","20,240.00","19,690.00"
"Apr 24, 2020","19,517.10","19,734.80","19,860.00","19,381.00"
"Apr 23, 2020","20,182.75","19,797.95","20,299.85","19,539.90"
"Apr 22, 2020","19,677.40","19,240.00","19,837.80","19,002.00"
"Apr 21, 2020","19,333.85","19,825.00","19,880.00","19,166.95"
"Apr 20, 2020","20,482.20","21,086.85","21,099.85","20,374.00"
"Apr 17, 2020","20,748.80","20,350.00","20,934.20","19,624.30"
"Apr 16, 2020","19,424.30","18,905.35","19,554.85","18,601.00"
"Apr 15, 2020","18,989.70","19,986.00","20,219.00","18,661.40"
"Apr 13, 2020","19,484.10","19,680.00","19,826.30","19,184.95"
"Apr 09, 2020","19,768.30","19,488.75","19,888.00","19,071.00"
"Apr 08, 2020","18,889.50","18,816.00","20,599.00","18,495.00"
"Apr 07, 2020","19,172.00","18,254.55","19,250.00","17,921.00"
"Apr 03, 2020","17,175.80","18,226.10","18,226.10","17,075.00"
"Apr 01, 2020","18,171.20","18,900.00","18,996.05","17,962.65"
"Mar 31, 2020","19,135.50","19,284.70","19,500.00","18,817.65"
"Mar 30, 2020","18,799.55","19,086.00","19,820.00","18,676.00"
"Mar 27, 2020","19,778.65","20,251.00","21,272.80","19,350.35"
"Mar 26, 2020","19,613.90","18,700.00","20,279.80","18,335.50"
"Mar 25, 2020","18,487.00","16,799.95","18,735.55","16,600.25"
"Mar 24, 2020","16,929.75","17,550.00","17,949.95","16,020.55"
"Mar 23, 2020","16,881.05","18,264.95","19,200.00","16,741.50"
"Mar 20, 2020","20,294.35","19,959.95","20,933.00","19,217.75"
"Mar 19, 2020","20,028.50","19,499.00","20,971.15","18,787.65"
"Mar 18, 2020","20,517.95","22,198.95","22,351.00","20,150.00"
"Mar 17, 2020","22,037.05","23,193.30","23,448.00","21,840.00"
"Mar 16, 2020","22,960.75","24,311.30","24,434.00","22,766.25"
"Mar 13, 2020","25,028.90","22,600.00","25,591.90","21,000.00"
"Mar 12, 2020","23,845.05","25,190.00","25,344.00","23,381.00"
"Mar 11, 2020","26,490.40","26,349.95","26,818.00","26,215.45"
"Mar 09, 2020","26,525.75","27,111.10","27,244.00","25,935.05"
"Mar 06, 2020","27,782.95","27,710.15","28,063.65","27,280.00"
"Mar 05, 2020","28,829.30","28,839.95","29,180.00","28,547.05"
"Mar 04, 2020","28,753.00","29,115.00","29,299.90","28,158.30"
"Mar 03, 2020","29,223.75","29,080.00","29,328.20","28,752.60"
"Mar 02, 2020","28,885.15","29,355.55","29,648.00","28,600.05"
"Feb 28, 2020","29,053.90","29,625.00","29,665.25","28,970.15"
"Feb 27, 2020","30,187.00","30,265.00","30,265.00","29,951.15"
"Feb 26, 2020","30,315.50","30,230.00","30,517.10","30,125.50"
"Feb 25, 2020","30,467.90","30,500.05","30,633.35","30,351.50"
"Feb 24, 2020","30,423.00","30,615.00","30,688.80","30,393.35"
"Feb 20, 2020","30,938.70","30,784.00","31,098.40","30,698.60"
"Feb 19, 2020","30,856.40","30,875.00","30,940.00","30,652.00"
"Feb 18, 2020","30,581.40","30,655.85","30,707.15","30,282.55"
"Feb 17, 2020","30,776.35","30,894.25","31,014.90","30,640.00"
"Feb 14, 2020","30,902.10","31,280.00","31,470.85","30,774.50"
"Feb 13, 2020","31,231.35","31,565.10","31,626.70","31,188.85"
"Feb 12, 2020","31,566.90","31,516.50","31,619.80","31,458.40"
"Feb 11, 2020","31,383.30","31,271.50","31,516.40","31,265.00"
"Feb 10, 2020","31,109.85","31,215.20","31,259.85","31,003.90"
"Feb 07, 2020","31,240.40","31,339.90","31,363.85","31,110.05"
"Feb 06, 2020","31,332.85","31,200.00","31,530.90","30,956.65"
"Feb 05, 2020","31,050.35","30,760.05","31,116.60","30,631.20"
"Feb 04, 2020","30,718.45","30,300.00","30,798.80","30,191.05"
"Feb 03, 2020","30,032.15","29,729.90","30,110.00","29,530.00"
"Feb 01, 2020","29,782.55","30,710.60","30,990.00","29,777.00"
"Jan 31, 2020","30,937.30","30,940.00","31,125.70","30,780.50"
"Jan 30, 2020","30,647.40","31,280.00","31,280.00","30,513.45"
"Jan 29, 2020","30,905.55","30,960.00","31,109.05","30,866.00"
"Jan 28, 2020","30,771.60","30,929.95","31,070.00","30,675.15"
"Jan 27, 2020","30,879.05","31,050.10","31,239.90","30,850.00"
"Jan 24, 2020","31,330.35","31,100.55","31,438.00","30,924.00"
"Jan 23, 2020","31,090.10","30,800.00","31,170.00","30,680.00"
"Jan 22, 2020","30,802.85","31,150.00","31,230.00","30,705.00"
"Jan 21, 2020","31,042.80","31,049.90","31,200.00","30,920.95"
"Jan 20, 2020","31,181.85","31,997.65","31,997.65","31,126.10"
"Jan 17, 2020","31,723.75","31,660.25","31,874.30","31,540.00"
"Jan 16, 2020","31,935.70","31,900.00","32,054.05","31,744.95"
"Jan 15, 2020","31,943.85","32,089.00","32,105.50","31,765.80"
"Jan 14, 2020","32,169.05","32,240.00","32,260.00","32,031.80"
"Jan 13, 2020","32,242.25","32,159.65","32,380.00","32,123.75"
"Jan 10, 2020","32,122.75","32,263.95","32,384.95","31,980.00"
"Jan 09, 2020","32,152.65","31,801.00","32,200.00","31,760.15"
"Jan 08, 2020","31,444.05","31,185.00","31,541.20","30,971.80"
"Jan 07, 2020","31,492.80","31,551.10","31,915.80","31,200.00"
"Jan 06, 2020","31,362.05","32,000.00","32,023.85","31,286.00"
"Jan 03, 2020","32,161.20","32,445.50","32,489.05","32,060.20"
"Jan 02, 2020","32,579.15","32,299.00","32,606.05","32,281.55"
"Jan 01, 2020","32,285.20","32,417.30","32,495.75","32,225.00"
"Dec 31, 2019","32,366.05","32,478.70","32,521.90","32,320.00"
"Dec 30, 2019","32,554.05","32,632.45","32,773.85","32,431.00"
"Dec 27, 2019","32,604.70","32,250.10","32,633.75","32,246.50"
"Dec 26, 2019","31,997.70","32,269.95","32,339.00","31,945.00"
"Dec 24, 2019","32,307.75","32,304.95","32,384.00","32,270.45"
"Dec 23, 2019","32,329.40","32,349.95","32,425.00","32,220.00"
"Dec 20, 2019","32,378.40","32,227.00","32,440.00","32,180.00"
"Dec 19, 2019","32,260.40","32,300.00","32,345.40","32,123.35"
"Dec 18, 2019","32,279.30","32,310.05","32,343.95","32,055.00"
"Dec 17, 2019","32,206.35","32,100.10","32,285.00","32,055.05"
"Dec 16, 2019","32,010.30","32,197.65","32,205.00","31,848.15"
"Dec 13, 2019","32,102.70","31,860.45","32,230.00","31,805.35"
"Dec 12, 2019","31,717.00","31,406.30","31,745.00","31,405.00"
"Dec 11, 2019","31,314.25","31,208.30","31,395.75","31,065.30"
"Dec 10, 2019","31,226.55","31,440.10","31,445.00","31,188.35"
"Dec 09, 2019","31,397.65","31,374.90","31,612.10","31,201.00"
"Dec 06, 2019","31,418.30","31,799.95","31,925.00","31,323.00"
"Dec 05, 2019","31,762.50","32,110.00","32,179.95","31,705.00"
"Dec 04, 2019","32,080.90","31,624.95","32,125.00","31,511.25"
"Dec 03, 2019","31,711.20","31,949.90","31,949.90","31,580.60"
"Dec 02, 2019","31,921.35","32,079.95","32,080.00","31,762.30"
"Nov 29, 2019","32,003.85","32,100.50","32,148.00","31,820.00"
"Nov 28, 2019","32,122.95","31,874.25","32,143.30","31,874.25"
"Nov 27, 2019","31,872.35","31,738.60","31,898.00","31,705.00"
"Nov 26, 2019","31,648.90","31,620.10","31,791.85","31,411.00"
"Nov 25, 2019","31,568.25","31,080.10","31,590.00","31,049.05"
"Nov 22, 2019","31,114.70","31,248.20","31,329.70","31,023.35"
"Nov 21, 2019","31,316.75","31,299.95","31,444.90","31,223.60"
"Nov 20, 2019","31,321.25","31,350.00","31,434.40","31,184.55"
"Nov 19, 2019","31,259.65","31,059.95","31,315.85","30,950.00"
"Nov 18, 2019","31,017.85","31,152.00","31,182.00","30,900.10"
"Nov 15, 2019","31,052.20","30,902.20","31,185.00","30,859.60"
"Nov 14, 2019","30,770.55","30,580.00","30,830.00","30,361.35"
"Nov 13, 2019","30,585.60","31,083.95","31,167.25","30,538.80"
"Nov 11, 2019","31,097.80","30,700.00","31,222.85","30,610.05"
"Nov 08, 2019","30,759.00","30,630.00","31,099.00","30,493.55"
"Nov 07, 2019","30,664.35","30,801.00","30,848.95","30,463.00"
"Nov 06, 2019","30,682.60","30,260.30","30,780.00","30,052.00"
"Nov 05, 2019","30,294.15","30,420.05","30,519.90","30,155.10"
"Nov 04, 2019","30,396.05","30,457.95","30,658.00","30,267.00"
"Nov 01, 2019","30,374.10","30,200.05","30,449.45","30,063.10"
